GO:0016020	6238	membrane
GO:0005737	5690	cytoplasm
GO:0005634	5057	nucleus
GO:0016021	3897	integral component of membrane
GO:0005886	3754	plasma membrane
GO:0005829	3057	cytosol
GO:0070062	2460	extracellular exosome
GO:0005654	2413	nucleoplasm
GO:0005576	1762	extracellular region
GO:0005739	1335	mitochondrion
GO:0005887	1259	integral component of plasma membrane
GO:0005615	1212	extracellular space
GO:0005783	1169	endoplasmic reticulum
GO:0005794	1059	Golgi apparatus
GO:0005856	1034	cytoskeleton
GO:0005622	898	intracellular
GO:0005789	809	endoplasmic reticulum membrane
GO:0005730	708	nucleolus
GO:0030054	671	cell junction
GO:0042995	656	cell projection
GO:0043231	634	intracellular membrane-bounded organelle
GO:0048471	589	perinuclear region of cytoplasm
GO:0000139	561	Golgi membrane
GO:0009986	534	cell surface
GO:0031410	495	cytoplasmic vesicle
GO:0005768	493	endosome
GO:0045202	427	synapse
GO:0043234	406	protein complex
GO:0005925	376	focal adhesion
GO:0005743	369	mitochondrial inner membrane
GO:0005813	360	centrosome
GO:0043025	355	neuronal cell body
GO:0030425	330	dendrite
GO:0005575	328	cellular_component
GO:0043005	316	neuron projection
GO:0005815	313	microtubule organizing center
GO:0005578	304	proteinaceous extracellular matrix
GO:0005694	299	chromosome
GO:0005764	297	lysosome
GO:0005759	292	mitochondrial matrix
GO:0005874	283	microtubule
GO:0016324	283	apical plasma membrane
GO:0030424	264	axon
GO:0030529	256	intracellular ribonucleoprotein complex
GO:0005765	225	lysosomal membrane
GO:0045121	216	membrane raft
GO:0005929	212	cilium
GO:0031012	210	extracellular matrix
GO:0005769	205	early endosome
GO:0015629	200	actin cytoskeleton
GO:0031965	195	nuclear membrane
GO:0045211	194	postsynaptic membrane
GO:0009897	190	external side of plasma membrane
GO:0005788	186	endoplasmic reticulum lumen
GO:0010008	185	endosome membrane
GO:0016323	183	basolateral plasma membrane
GO:0005667	181	transcription factor complex
GO:0016607	171	nuclear speck
GO:0005911	165	cell-cell junction
GO:0016023	161	cytoplasmic, membrane-bounded vesicle
GO:0000790	154	nuclear chromatin
GO:0005819	153	spindle
GO:0030027	152	lamellipodium
GO:0014069	147	postsynaptic density
GO:0043209	147	myelin sheath
GO:0005635	137	nuclear envelope
GO:0005741	136	mitochondrial outer membrane
GO:0005840	135	ribosome
GO:0005938	131	cell cortex
GO:0015630	130	microtubule cytoskeleton
GO:0031225	127	anchored component of membrane
GO:0043235	124	receptor complex
GO:0030659	121	cytoplasmic vesicle membrane
GO:0000775	120	chromosome, centromeric region
GO:0005681	119	spliceosomal complex
GO:0012505	118	endomembrane system
GO:0005802	117	trans-Golgi network
GO:0072562	117	blood microparticle
GO:0030426	115	growth cone
GO:0030496	115	midbody
GO:0005770	114	late endosome
GO:0031982	113	vesicle
GO:0043197	113	dendritic spine
GO:0031966	112	mitochondrial membrane
GO:0005923	106	bicellular tight junction
GO:0000776	104	kinetochore
GO:0031901	104	early endosome membrane
GO:0000922	102	spindle pole
GO:0005777	102	peroxisome
GO:0043204	100	perikaryon
GO:0030018	99	Z disc
GO:0042383	97	sarcolemma
GO:0000784	96	nuclear chromosome, telomeric region
GO:0042470	94	melanosome
GO:0008021	93	synaptic vesicle
GO:0031090	93	organelle membrane
GO:0055037	93	recycling endosome
GO:0000785	92	chromatin
GO:0016363	92	nuclear matrix
GO:0016605	92	PML body
GO:0030133	92	transport vesicle
GO:0005796	91	Golgi lumen
GO:0001726	89	ruffle
GO:0005814	89	centriole
GO:0030141	86	secretory granule
GO:0031902	83	late endosome membrane
GO:0043202	83	lysosomal lumen
GO:0045177	83	apical part of cell
GO:0000151	82	ubiquitin ligase complex
GO:0005604	82	basement membrane
GO:0030176	80	integral component of endoplasmic reticulum membrane
GO:0005882	79	intermediate filament
GO:0008076	78	voltage-gated potassium channel complex
GO:0005581	77	collagen trimer
GO:0032588	77	trans-Golgi network membrane
GO:0071013	77	catalytic step 2 spliceosome
GO:0032587	76	ruffle membrane
GO:0000777	74	condensed chromosome kinetochore
GO:0036064	70	ciliary basal body
GO:0044297	70	cell body
GO:0005901	69	caveola
GO:0019898	69	extrinsic component of membrane
GO:0030175	69	filopodium
GO:0032580	67	Golgi cisterna membrane
GO:0030666	66	endocytic vesicle membrane
GO:0072372	66	primary cilium
GO:0005930	64	axoneme
GO:0031234	64	extrinsic component of cytoplasmic side of plasma membrane
GO:0005758	62	mitochondrial intermembrane space
GO:0043195	62	terminal bouton
GO:0005793	60	endoplasmic reticulum-Golgi intermediate compartment
GO:0005912	60	adherens junction
GO:0030670	60	phagocytic vesicle membrane
GO:0005811	59	lipid particle
GO:0005905	59	coated pit
GO:0012507	59	ER to Golgi transport vesicle membrane
GO:0043679	59	axon terminus
GO:0000932	58	cytoplasmic mRNA processing body
GO:0005902	58	microvillus
GO:0033116	58	endoplasmic reticulum-Golgi intermediate compartment membrane
GO:0005903	57	brush border
GO:0000502	56	proteasome complex
GO:0022625	56	cytosolic large ribosomal subunit
GO:0001669	55	acrosomal vesicle
GO:0001750	55	photoreceptor outer segment
GO:0005776	55	autophagosome
GO:0005643	54	nuclear pore
GO:0031093	54	platelet alpha granule lumen
GO:0070469	54	respiratory chain
GO:0071944	54	cell periphery
GO:0030139	53	endocytic vesicle
GO:0031526	53	brush border membrane
GO:0005778	52	peroxisomal membrane
GO:0030136	52	clathrin-coated vesicle
GO:0098793	52	presynapse
GO:0017053	51	transcriptional repressor complex
GO:0042734	51	presynaptic membrane
GO:0097481	51	neuronal postsynaptic density
GO:0016328	50	lateral plasma membrane
GO:0016459	50	myosin complex
GO:0016529	50	sarcoplasmic reticulum
GO:0031514	50	motile cilium
GO:0031594	50	neuromuscular junction
GO:0001725	49	stress fiber
GO:0005623	49	cell
GO:0030672	49	synaptic vesicle membrane
GO:1903561	49	extracellular vesicle
GO:0005791	48	rough endoplasmic reticulum
GO:0005884	48	actin filament
GO:0034707	47	chloride channel complex
GO:0031201	46	SNARE complex
GO:0000781	45	chromosome, telomeric region
GO:0005881	45	cytoplasmic microtubule
GO:0014704	45	intercalated disc
GO:0030173	45	integral component of Golgi membrane
GO:0060170	45	ciliary membrane
GO:0000786	44	nucleosome
GO:0005871	44	kinesin complex
GO:0005782	43	peroxisomal matrix
GO:0005913	43	cell-cell adherens junction
GO:0015030	43	Cajal body
GO:0030017	43	sarcomere
GO:0030669	43	clathrin-coated endocytic vesicle membrane
GO:0032154	43	cleavage furrow
GO:0045111	43	intermediate filament cytoskeleton
GO:0005747	42	mitochondrial respiratory chain complex I
GO:0031463	42	Cul3-RING ubiquitin ligase complex
GO:0005876	41	spindle microtubule
GO:0009898	41	cytoplasmic side of plasma membrane
GO:0045171	41	intercellular bridge
GO:0030315	40	T-tubule
GO:0031252	40	cell leading edge
GO:0042645	40	mitochondrial nucleoid
GO:0045335	39	phagocytic vesicle
GO:0030658	38	transport vesicle membrane
GO:0072686	38	mitotic spindle
GO:0043198	37	dendritic shaft
GO:0071556	37	integral component of lumenal side of endoplasmic reticulum membrane
GO:0030864	36	cortical actin cytoskeleton
GO:0045095	36	keratin filament
GO:0000794	35	condensed nuclear chromosome
GO:0001917	35	photoreceptor inner segment
GO:0005637	35	nuclear inner membrane
GO:0005844	35	polysome
GO:0005875	35	microtubule associated complex
GO:0019005	35	SCF ubiquitin ligase complex
GO:0022627	35	cytosolic small ribosomal subunit
GO:0030016	35	myofibril
GO:0055038	35	recycling endosome membrane
GO:0097542	35	ciliary tip
GO:0016604	34	nuclear body
GO:0005801	33	cis-Golgi network
GO:0009925	33	basal plasma membrane
GO:0033017	33	sarcoplasmic reticulum membrane
GO:0001772	32	immunological synapse
GO:0030286	32	dynein complex
GO:0000228	31	nuclear chromosome
GO:0008180	31	COP9 signalosome
GO:1904115	31	axon cytoplasm
GO:0000118	30	histone deacetylase complex
GO:0001533	30	cornified envelope
GO:0010494	30	cytoplasmic stress granule
GO:0090575	30	RNA polymerase II transcription factor complex
GO:0005795	29	Golgi stack
GO:0005834	29	heterotrimeric G-protein complex
GO:0032420	29	stereocilium
GO:0000793	28	condensed chromosome
GO:0016235	28	aggresome
GO:0030117	28	membrane coat
GO:0032391	28	photoreceptor connecting cilium
GO:0032993	28	protein-DNA complex
GO:0048786	28	presynaptic active zone
GO:0005921	27	gap junction
GO:0008305	27	integrin complex
GO:0016592	27	mediator complex
GO:0005891	26	voltage-gated calcium channel complex
GO:0000792	25	heterochromatin
GO:0005790	25	smooth endoplasmic reticulum
GO:0012506	25	vesicle membrane
GO:0030057	25	desmosome
GO:0031226	25	intrinsic component of plasma membrane
GO:0031519	25	PcG protein complex
GO:0035861	25	site of double-strand break
GO:0031513	24	nonmotile primary cilium
GO:0032281	24	AMPA glutamate receptor complex
GO:0046658	24	anchored component of plasma membrane
GO:0071339	24	MLL1 complex
GO:0000795	23	synaptonemal complex
GO:0002102	23	podosome
GO:0005771	23	multivesicular body
GO:0005892	23	acetylcholine-gated channel complex
GO:0031674	23	I band
GO:0034364	23	high-density lipoprotein particle
GO:0036464	23	cytoplasmic ribonucleoprotein granule
GO:0000123	22	histone acetyltransferase complex
GO:0005719	22	nuclear euchromatin
GO:0005720	22	nuclear heterochromatin
GO:0015935	22	small ribosomal subunit
GO:0019897	22	extrinsic component of plasma membrane
GO:0030863	22	cortical cytoskeleton
GO:0031941	22	filamentous actin
GO:0032040	22	small-subunit processome
GO:0034451	22	centriolar satellite
GO:0035097	22	histone methyltransferase complex
GO:0035145	22	exon-exon junction complex
GO:0060076	22	excitatory synapse
GO:0098794	22	postsynapse
GO:0000421	21	autophagosome membrane
GO:0031430	21	M band
GO:0034704	21	calcium channel complex
GO:0042629	21	mast cell granule
GO:0097546	21	ciliary base
GO:0005640	20	nuclear outer membrane
GO:0030134	20	ER to Golgi transport vesicle
GO:0034361	20	very-low-density lipoprotein particle
GO:0044295	20	axonal growth cone
GO:0000159	19	protein phosphatase type 2A complex
GO:0005680	19	anaphase-promoting complex
GO:0005753	19	mitochondrial proton-transporting ATP synthase complex
GO:0005773	19	vacuole
GO:0030687	19	preribosome, large subunit precursor
GO:0031258	19	lamellipodium membrane
GO:0031362	19	anchored component of external side of plasma membrane
GO:0031528	19	microvillus membrane
GO:0035869	19	ciliary transition zone
GO:0000145	18	exocyst
GO:0001891	18	phagocytic cup
GO:0005689	18	U12-type spliceosomal complex
GO:0005697	18	telomerase holoenzyme complex
GO:0005922	18	connexon complex
GO:0008023	18	transcription elongation factor complex
GO:0030660	18	Golgi-associated vesicle membrane
GO:0032982	18	myosin filament
GO:0035267	18	NuA4 histone acetyltransferase complex
GO:0042101	18	T cell receptor complex
GO:0042613	18	MHC class II protein complex
GO:0043034	18	costamere
GO:0097060	18	synaptic membrane
GO:1902711	18	GABA-A receptor complex
GO:0000242	17	pericentriolar material
GO:0016581	17	NuRD complex
GO:0030667	17	secretory granule membrane
GO:0031143	17	pseudopodium
GO:0031307	17	integral component of mitochondrial outer membrane
GO:0031527	17	filopodium membrane
GO:0031988	17	membrane-bounded vesicle
GO:0032809	17	neuronal cell body membrane
GO:0034399	17	nuclear periphery
GO:0036126	17	sperm flagellum
GO:0042612	17	MHC class I protein complex
GO:0051233	17	spindle midzone
GO:0097381	17	photoreceptor disc membrane
GO:0000407	16	pre-autophagosomal structure
GO:0005657	16	replication fork
GO:0005669	16	transcription factor TFIID complex
GO:0005740	16	mitochondrial envelope
GO:0005762	16	mitochondrial large ribosomal subunit
GO:0005839	16	proteasome core complex
GO:0016010	16	dystrophin-associated glycoprotein complex
GO:0016234	16	inclusion body
GO:0016327	16	apicolateral plasma membrane
GO:0030131	16	clathrin adaptor complex
GO:0030665	16	clathrin-coated vesicle membrane
GO:0030904	16	retromer complex
GO:0031305	16	integral component of mitochondrial inner membrane
GO:0032839	16	dendrite cytoplasm
GO:0034045	16	pre-autophagosomal structure membrane
GO:0035098	16	ESC/E(Z) complex
GO:0071011	16	precatalytic spliceosome
GO:0000788	15	nuclear nucleosome
GO:0002080	15	acrosomal membrane
GO:0005662	15	DNA replication factor A complex
GO:0005671	15	Ada2/Gcn5/Ada3 transcription activator complex
GO:0005859	15	muscle myosin complex
GO:0022624	15	proteasome accessory complex
GO:0031091	15	platelet alpha granule
GO:0031672	15	A band
GO:0033268	15	node of Ranvier
GO:0035327	15	transcriptionally active chromatin
GO:0035371	15	microtubule plus-end
GO:0042622	15	photoreceptor outer segment membrane
GO:0043292	15	contractile fiber
GO:0045178	15	basal part of cell
GO:0045334	15	clathrin-coated endocytic vesicle
GO:0046540	15	U4/U6 x U5 tri-snRNP complex
GO:0071682	15	endocytic vesicle lumen
GO:0097440	15	apical dendrite
GO:0000176	14	nuclear exosome (RNase complex)
GO:0000178	14	exosome (RNase complex)
GO:0001518	14	voltage-gated sodium channel complex
GO:0001741	14	XY body
GO:0005605	14	basal lamina
GO:0005761	14	mitochondrial ribosome
GO:0005852	14	eukaryotic translation initiation factor 3 complex
GO:0005868	14	cytoplasmic dynein complex
GO:0016514	14	SWI/SNF complex
GO:0030140	14	trans-Golgi network transport vesicle
GO:0030532	14	small nuclear ribonucleoprotein complex
GO:0030663	14	COPI-coated vesicle membrane
GO:0030877	14	beta-catenin destruction complex
GO:0031089	14	platelet dense granule lumen
GO:0032590	14	dendrite membrane
GO:0034362	14	low-density lipoprotein particle
GO:0044306	14	neuron projection terminus
GO:0071565	14	nBAF complex
GO:0001673	13	male germ cell nucleus
GO:0005614	13	interstitial matrix
GO:0005639	13	integral component of nuclear inner membrane
GO:0005665	13	DNA-directed RNA polymerase II, core complex
GO:0005686	13	U2 snRNP
GO:0005746	13	mitochondrial respiratory chain
GO:0005763	13	mitochondrial small ribosomal subunit
GO:0005774	13	vacuolar membrane
GO:0005798	13	Golgi-associated vesicle
GO:0005942	13	phosphatidylinositol 3-kinase complex
GO:0016580	13	Sin3 complex
GO:0030673	13	axolemma
GO:0031092	13	platelet alpha granule membrane
GO:0031235	13	intrinsic component of the cytoplasmic side of the plasma membrane
GO:0033290	13	eukaryotic 48S preinitiation complex
GO:0033391	13	chromatoid body
GO:0042581	13	specific granule
GO:0042627	13	chylomicron
GO:0043240	13	Fanconi anaemia nuclear complex
GO:0070382	13	exocytic vesicle
GO:0080008	13	Cul4-RING E3 ubiquitin ligase complex
GO:0090544	13	BAF-type complex
GO:0097228	13	sperm principal piece
GO:0000307	12	cyclin-dependent protein kinase holoenzyme complex
GO:0000346	12	transcription export complex
GO:0005675	12	holo TFIIH complex
GO:0005685	12	U1 snRNP
GO:0005721	12	pericentric heterochromatin
GO:0005779	12	integral component of peroxisomal membrane
GO:0005838	12	proteasome regulatory particle
GO:0016282	12	eukaryotic 43S preinitiation complex
GO:0017119	12	Golgi transport complex
GO:0030126	12	COPI vesicle coat
GO:0030897	12	HOPS complex
GO:0030914	12	STAGA complex
GO:0030992	12	intraciliary transport particle B
GO:0031224	12	intrinsic component of membrane
GO:0032039	12	integrator complex
GO:0032433	12	filopodium tip
GO:0034774	12	secretory granule lumen
GO:0035102	12	PRC1 complex
GO:0036038	12	TCTN-B9D complex
GO:0042582	12	azurophil granule
GO:0043020	12	NADPH oxidase complex
GO:0043194	12	axon initial segment
GO:0044322	12	endoplasmic reticulum quality control compartment
GO:0044798	12	nuclear transcription factor complex
GO:0071564	12	npBAF complex
GO:0097038	12	perinuclear endoplasmic reticulum
GO:0000177	11	cytoplasmic exosome (RNase complex)
GO:0000780	11	condensed nuclear chromosome, centromeric region
GO:0000974	11	Prp19 complex
GO:0001931	11	uropod
GO:0005666	11	DNA-directed RNA polymerase III complex
GO:0005682	11	U5 snRNP
GO:0005736	11	DNA-directed RNA polymerase I complex
GO:0005833	11	hemoglobin complex
GO:0005847	11	mRNA cleavage and polyadenylation specificity factor complex
GO:0008328	11	ionotropic glutamate receptor complex
GO:0008385	11	IkappaB kinase complex
GO:0008540	11	proteasome regulatory particle, base subcomplex
GO:0010369	11	chromocenter
GO:0016471	11	vacuolar proton-transporting V-type ATPase complex
GO:0017146	11	NMDA selective glutamate receptor complex
GO:0030014	11	CCR4-NOT complex
GO:0030122	11	AP-2 adaptor complex
GO:0030137	11	COPI-coated vesicle
GO:0031011	11	Ino80 complex
GO:0031083	11	BLOC-1 complex
GO:0031588	11	nucleotide-activated protein kinase complex
GO:0031904	11	endosome lumen
GO:0033270	11	paranode region of axon
GO:0034663	11	endoplasmic reticulum chaperone complex
GO:0034719	11	SMN-Sm protein complex
GO:0035631	11	CD40 receptor complex
GO:0036020	11	endolysosome membrane
GO:0042405	11	nuclear inclusion body
GO:0042641	11	actomyosin
GO:0043229	11	intracellular organelle
GO:0043296	11	apical junction complex
GO:0044853	11	plasma membrane raft
GO:0060077	11	inhibitory synapse
GO:0071004	11	U2-type prespliceosome
GO:1990909	11	Wnt signalosome
GO:0000164	10	protein phosphatase type 1 complex
GO:0000930	10	gamma-tubulin complex
GO:0002116	10	semaphorin receptor complex
GO:0005845	10	mRNA cap binding complex
GO:0005858	10	axonemal dynein complex
GO:0005916	10	fascia adherens
GO:0014701	10	junctional sarcoplasmic reticulum membrane
GO:0030867	10	rough endoplasmic reticulum membrane
GO:0031045	10	dense core granule
GO:0031253	10	cell projection membrane
GO:0031314	10	extrinsic component of mitochondrial inner membrane
GO:0031461	10	cullin-RING ubiquitin ligase complex
GO:0031932	10	TORC2 complex
GO:0031985	10	Golgi cisterna
GO:0033276	10	transcription factor TFTC complex
GO:0034709	10	methylosome
GO:0035770	10	ribonucleoprotein granule
GO:0036513	10	Derlin-1 retrotranslocation complex
GO:0042571	10	immunoglobulin complex, circulating
GO:0043186	10	P granule
GO:0043220	10	Schmidt-Lanterman incisure
GO:0044224	10	juxtaparanode region of axon
GO:0044291	10	cell-cell contact zone
GO:0045263	10	proton-transporting ATP synthase complex, coupling factor F(o)
GO:0070852	10	cell body fiber
GO:0070971	10	endoplasmic reticulum exit site
GO:0097225	10	sperm midpiece
GO:0097539	10	ciliary transition fiber
GO:0000783	9	nuclear telomere cap complex
GO:0000800	9	lateral element
GO:0001527	9	microfibril
GO:0005577	9	fibrinogen complex
GO:0005832	9	chaperonin-containing T-complex
GO:0005865	9	striated muscle thin filament
GO:0005883	9	neurofilament
GO:0005890	9	sodium:potassium-exchanging ATPase complex
GO:0008074	9	guanylate cyclase complex, soluble
GO:0008091	9	spectrin
GO:0008250	9	oligosaccharyltransferase complex
GO:0015934	9	large ribosomal subunit
GO:0016281	9	eukaryotic translation initiation factor 4F complex
GO:0016342	9	catenin complex
GO:0016442	9	RISC complex
GO:0016600	9	flotillin complex
GO:0030123	9	AP-3 adaptor complex
GO:0030127	9	COPII vesicle coat
GO:0030686	9	90S preribosome
GO:0031095	9	platelet dense tubular network membrane
GO:0031464	9	Cul4A-RING E3 ubiquitin ligase complex
GO:0031597	9	cytosolic proteasome complex
GO:0032279	9	asymmetric synapse
GO:0032585	9	multivesicular body membrane
GO:0032591	9	dendritic spine membrane
GO:0032797	9	SMN complex
GO:0033162	9	melanosome membrane
GO:0034464	9	BBSome
GO:0042555	9	MCM complex
GO:0044666	9	MLL3/4 complex
GO:0000439	8	core TFIIH complex
GO:0000815	8	ESCRT III complex
GO:0002199	8	zona pellucida receptor complex
GO:0005641	8	nuclear envelope lumen
GO:0005664	8	nuclear origin of replication recognition complex
GO:0005687	8	U4 snRNP
GO:0005750	8	mitochondrial respiratory chain complex III
GO:0005885	8	Arp2/3 protein complex
GO:0005915	8	zonula adherens
GO:0005952	8	cAMP-dependent protein kinase complex
GO:0016528	8	sarcoplasm
GO:0022626	8	cytosolic ribosome
GO:0030056	8	hemidesmosome
GO:0030119	8	AP-type membrane coat adaptor complex
GO:0030868	8	smooth endoplasmic reticulum membrane
GO:0030991	8	intraciliary transport particle A
GO:0031209	8	SCAR complex
GO:0031595	8	nuclear proteasome complex
GO:0031616	8	spindle pole centrosome
GO:0032059	8	bleb
GO:0032421	8	stereocilium bundle
GO:0032426	8	stereocilium tip
GO:0033018	8	sarcoplasmic reticulum lumen
GO:0033179	8	proton-transporting V-type ATPase, V0 domain
GO:0033180	8	proton-transporting V-type ATPase, V1 domain
GO:0034098	8	VCP-NPL4-UFD1 AAA ATPase complex
GO:0034366	8	spherical high-density lipoprotein particle
GO:0035253	8	ciliary rootlet
GO:0036057	8	slit diaphragm
GO:0042589	8	zymogen granule membrane
GO:0042599	8	lamellar body
GO:0043190	8	ATP-binding cassette (ABC) transporter complex
GO:0044327	8	dendritic spine head
GO:0045120	8	pronucleus
GO:0045179	8	apical cortex
GO:0046581	8	intercellular canaliculus
GO:0048188	8	Set1C/COMPASS complex
GO:0061202	8	clathrin-sculpted gamma-aminobutyric acid transport vesicle membrane
GO:0071141	8	SMAD protein complex
GO:0071203	8	WASH complex
GO:0072559	8	NLRP3 inflammasome complex
GO:0097431	8	mitotic spindle pole
GO:1990712	8	HFE-transferrin receptor complex
GO:0000137	7	Golgi cis cisterna
GO:0000138	7	Golgi trans cisterna
GO:0000506	7	glycosylphosphatidylinositol-N-acetylglucosaminyltransferase (GPI-GnT) complex
GO:0000779	7	condensed chromosome, centromeric region
GO:0000791	7	euchromatin
GO:0000812	7	Swr1 complex
GO:0000813	7	ESCRT I complex
GO:0001939	7	female pronucleus
GO:0005732	7	small nucleolar ribonucleoprotein complex
GO:0005751	7	mitochondrial respiratory chain complex IV
GO:0005797	7	Golgi medial cisterna
GO:0005861	7	troponin complex
GO:0005869	7	dynactin complex
GO:0008290	7	F-actin capping protein complex
GO:0014731	7	spectrin-associated cytoskeleton
GO:0016591	7	DNA-directed RNA polymerase II, holoenzyme
GO:0019773	7	proteasome core complex, alpha-subunit complex
GO:0030118	7	clathrin coat
GO:0030132	7	clathrin coat of coated pit
GO:0030314	7	junctional membrane complex
GO:0031232	7	extrinsic component of external side of plasma membrane
GO:0031256	7	leading edge membrane
GO:0031264	7	death-inducing signaling complex
GO:0031462	7	Cul2-RING ubiquitin ligase complex
GO:0031512	7	motile primary cilium
GO:0031931	7	TORC1 complex
GO:0032300	7	mismatch repair complex
GO:0032592	7	integral component of mitochondrial membrane
GO:0032593	7	insulin-responsive compartment
GO:0034993	7	LINC complex
GO:0035748	7	myelin sheath abaxonal region
GO:0042788	7	polysomal ribosome
GO:0043083	7	synaptic cleft
GO:0043196	7	varicosity
GO:0043203	7	axon hillock
GO:0043596	7	nuclear replication fork
GO:0046930	7	pore complex
GO:0070419	7	nonhomologous end joining complex
GO:0070531	7	BRCA1-A complex
GO:0070688	7	MLL5-L complex
GO:0071439	7	clathrin complex
GO:0071541	7	eukaryotic translation initiation factor 3 complex, eIF3m
GO:0071546	7	pi-body
GO:0090543	7	Flemming body
GO:0097197	7	tetraspanin-enriched microdomain
GO:0097208	7	alveolar lamellar body
GO:0097342	7	ripoptosome
GO:0097486	7	multivesicular body lumen
GO:0097504	7	Gemini of coiled bodies
GO:1990023	7	mitotic spindle midzone
GO:0000276	6	mitochondrial proton-transporting ATP synthase complex, coupling factor F(o)
GO:0000808	6	origin recognition complex
GO:0000940	6	condensed chromosome outer kinetochore
GO:0001520	6	outer dense fiber
GO:0001739	6	sex chromatin
GO:0001940	6	male pronucleus
GO:0005579	6	membrane attack complex
GO:0005587	6	collagen type IV trimer
GO:0005663	6	DNA replication factor C complex
GO:0005677	6	chromatin silencing complex
GO:0005744	6	mitochondrial inner membrane presequence translocase complex
GO:0005816	6	spindle pole body
GO:0005828	6	kinetochore microtubule
GO:0005851	6	eukaryotic translation initiation factor 2B complex
GO:0008024	6	cyclin/CDK positive transcription elongation factor complex
GO:0008541	6	proteasome regulatory particle, lid subcomplex
GO:0016012	6	sarcoglycan complex
GO:0016461	6	unconventional myosin complex
GO:0016593	6	Cdc73/Paf1 complex
GO:0019012	6	virion
GO:0019031	6	viral envelope
GO:0019907	6	cyclin-dependent protein kinase activating kinase holoenzyme complex
GO:0030130	6	clathrin coat of trans-Golgi network vesicle
GO:0030285	6	integral component of synaptic vesicle membrane
GO:0030688	6	preribosome, small subunit precursor
GO:0030870	6	Mre11 complex
GO:0030891	6	VCB complex
GO:0030893	6	meiotic cohesin complex
GO:0031080	6	nuclear pore outer ring
GO:0031265	6	CD95 death-inducing signaling complex
GO:0031466	6	Cul5-RING ubiquitin ligase complex
GO:0032045	6	guanyl-nucleotide exchange factor complex
GO:0032584	6	growth cone membrane
GO:0033256	6	I-kappaB/NF-kappaB complex
GO:0034706	6	sodium channel complex
GO:0035686	6	sperm fibrous sheath
GO:0035749	6	myelin sheath adaxonal region
GO:0042382	6	paraspeckles
GO:0042584	6	chromaffin granule membrane
GO:0044309	6	neuron spine
GO:0045180	6	basal cortex
GO:0045254	6	pyruvate dehydrogenase complex
GO:0061700	6	GATOR2 complex
GO:0070187	6	telosome
GO:0070461	6	SAGA-type complex
GO:0070776	6	MOZ/MORF histone acetyltransferase complex
GO:0070937	6	CRD-mediated mRNA stability complex
GO:0071010	6	prespliceosome
GO:0071437	6	invadopodium
GO:0071438	6	invadopodium membrane
GO:0071458	6	integral component of cytoplasmic side of endoplasmic reticulum membrane
GO:0071782	6	endoplasmic reticulum tubular network
GO:0097169	6	AIM2 inflammasome complex
GO:0097433	6	dense body
GO:0097449	6	astrocyte projection
GO:1990124	6	messenger ribonucleoprotein complex
GO:1990454	6	L-type voltage-gated calcium channel complex
GO:0000125	5	PCAF complex
GO:0000220	5	vacuolar proton-transporting V-type ATPase, V0 domain
GO:0000243	5	commitment complex
GO:0000347	5	THO complex
GO:0000445	5	THO complex part of transcription export complex
GO:0000923	5	equatorial microtubule organizing center
GO:0001650	5	fibrillar center
GO:0005652	5	nuclear lamina
GO:0005672	5	transcription factor TFIIA complex
GO:0005683	5	U7 snRNP
GO:0005684	5	U2-type spliceosomal complex
GO:0005688	5	U6 snRNP
GO:0005742	5	mitochondrial outer membrane translocase complex
GO:0005786	5	signal recognition particle, endoplasmic reticulum targeting
GO:0005849	5	mRNA cleavage factor complex
GO:0005964	5	phosphorylase kinase complex
GO:0008622	5	epsilon DNA polymerase complex
GO:0016011	5	dystroglycan complex
GO:0016272	5	prefoldin complex
GO:0016460	5	myosin II complex
GO:0016469	5	proton-transporting two-sector ATPase complex
GO:0016589	5	NURF complex
GO:0030061	5	mitochondrial crista
GO:0030896	5	checkpoint clamp complex
GO:0031088	5	platelet dense granule membrane
GO:0031105	5	septin complex
GO:0031298	5	replication fork protection complex
GO:0031301	5	integral component of organelle membrane
GO:0031313	5	extrinsic component of endosome membrane
GO:0031390	5	Ctf18 RFC-like complex
GO:0031465	5	Cul4B-RING E3 ubiquitin ligase complex
GO:0031467	5	Cul7-RING ubiquitin ligase complex
GO:0032009	5	early phagosome
GO:0032133	5	chromosome passenger complex
GO:0032432	5	actin filament bundle
GO:0033010	5	paranodal junction
GO:0033063	5	Rad51B-Rad51C-Rad51D-XRCC2 complex
GO:0033093	5	Weibel-Palade body
GO:0033588	5	Elongator holoenzyme complex
GO:0034705	5	potassium channel complex
GO:0034715	5	pICln-Sm protein complex
GO:0034991	5	nuclear meiotic cohesin complex
GO:0035032	5	phosphatidylinositol 3-kinase complex, class III
GO:0035068	5	micro-ribonucleoprotein complex
GO:0036128	5	CatSper complex
GO:0036157	5	outer dynein arm
GO:0042105	5	alpha-beta T cell receptor complex
GO:0042588	5	zymogen granule
GO:0043657	5	host cell
GO:0044233	5	ER-mitochondrion membrane contact site
GO:0044354	5	macropinosome
GO:0045252	5	oxoglutarate dehydrogenase complex
GO:0045261	5	proton-transporting ATP synthase complex, catalytic core F(1)
GO:0045277	5	respiratory chain complex IV
GO:0046696	5	lipopolysaccharide receptor complex
GO:0061702	5	inflammasome complex
GO:0070083	5	clathrin-sculpted monoamine transport vesicle membrane
GO:0070552	5	BRISC complex
GO:0070578	5	RISC-loading complex
GO:0070761	5	pre-snoRNP complex
GO:0070847	5	core mediator complex
GO:0070938	5	contractile ring
GO:0071204	5	histone pre-mRNA 3'end processing complex
GO:0071547	5	piP-body
GO:0071797	5	LUBAC complex
GO:0071817	5	MMXD complex
GO:0071986	5	Ragulator complex
GO:0072357	5	PTW/PP1 phosphatase complex
GO:0072546	5	ER membrane protein complex
GO:0072557	5	IPAF inflammasome complex
GO:0072669	5	tRNA-splicing ligase complex
GO:0072687	5	meiotic spindle
GO:0097386	5	glial cell projection
GO:0097418	5	neurofibrillary tangle
GO:0097470	5	ribbon synapse
GO:0098536	5	deuterosome
GO:0000015	4	phosphopyruvate hydratase complex
GO:0000109	4	nucleotide-excision repair complex
GO:0000124	4	SAGA complex
GO:0000214	4	tRNA-intron endonuclease complex
GO:0000322	4	storage vacuole
GO:0000778	4	condensed nuclear chromosome kinetochore
GO:0000796	4	condensin complex
GO:0000801	4	central element
GO:0000938	4	GARP complex
GO:0000942	4	condensed nuclear chromosome outer kinetochore
GO:0001740	4	Barr body
GO:0002177	4	manchette
GO:0005638	4	lamin filament
GO:0005642	4	annulate lamellae
GO:0005655	4	nucleolar ribonuclease P complex
GO:0005658	4	alpha DNA polymerase:primase complex
GO:0005712	4	chiasma
GO:0005749	4	mitochondrial respiratory chain complex II, succinate dehydrogenase complex (ubiquinone)
GO:0005785	4	signal recognition particle receptor complex
GO:0005853	4	eukaryotic translation elongation factor 1 complex
GO:0005862	4	muscle thin filament tropomyosin
GO:0005947	4	mitochondrial alpha-ketoglutarate dehydrogenase complex
GO:0005955	4	calcineurin complex
GO:0005958	4	DNA-dependent protein kinase-DNA ligase 4 complex
GO:0008274	4	gamma-tubulin ring complex
GO:0008278	4	cohesin complex
GO:0014802	4	terminal cisterna
GO:0016013	4	syntrophin complex
GO:0016602	4	CCAAT-binding factor complex
GO:0017101	4	aminoacyl-tRNA synthetase multienzyme complex
GO:0030015	4	CCR4-NOT core complex
GO:0030055	4	cell-substrate junction
GO:0030121	4	AP-1 adaptor complex
GO:0030125	4	clathrin vesicle coat
GO:0030135	4	coated vesicle
GO:0030478	4	actin cap
GO:0030915	4	Smc5-Smc6 complex
GO:0031227	4	intrinsic component of endoplasmic reticulum membrane
GO:0031228	4	intrinsic component of Golgi membrane
GO:0031233	4	intrinsic component of external side of plasma membrane
GO:0031415	4	NatA complex
GO:0031428	4	box C/D snoRNP complex
GO:0031429	4	box H/ACA snoRNP complex
GO:0031502	4	dolichyl-phosphate-mannose-protein mannosyltransferase complex
GO:0031618	4	nuclear pericentric heterochromatin
GO:0031905	4	early endosome lumen
GO:0032010	4	phagolysosome
GO:0032021	4	NELF complex
GO:0032280	4	symmetric synapse
GO:0032389	4	MutLalpha complex
GO:0032541	4	cortical endoplasmic reticulum
GO:0032777	4	Piccolo NuA4 histone acetyltransferase complex
GO:0032991	4	macromolecular complex
GO:0033177	4	proton-transporting two-sector ATPase complex, proton-transporting domain
GO:0033178	4	proton-transporting two-sector ATPase complex, catalytic domain
GO:0033269	4	internode region of axon
GO:0033503	4	HULC complex
GO:0033553	4	rDNA heterochromatin
GO:0034363	4	intermediate-density lipoprotein particle
GO:0034388	4	Pwp2p-containing subcomplex of 90S preribosome
GO:0035577	4	azurophil granule membrane
GO:0035867	4	alphav-beta3 integrin-IGF-1-IGF1R complex
GO:0035985	4	senescence-associated heterochromatin focus
GO:0036021	4	endolysosome lumen
GO:0036449	4	microtubule minus-end
GO:0042406	4	extrinsic component of endoplasmic reticulum membrane
GO:0042567	4	insulin-like growth factor ternary complex
GO:0042587	4	glycogen granule
GO:0042765	4	GPI-anchor transamidase complex
GO:0043205	4	fibril
GO:0043218	4	compact myelin
GO:0043219	4	lateral loop
GO:0044294	4	dendritic growth cone
GO:0044300	4	cerebellar mossy fiber
GO:0044326	4	dendritic spine neck
GO:0044614	4	nuclear pore cytoplasmic filaments
GO:0044615	4	nuclear pore nuclear basket
GO:0048476	4	Holliday junction resolvase complex
GO:0048500	4	signal recognition particle
GO:0060091	4	kinocilium
GO:0060203	4	clathrin-sculpted glutamate transport vesicle membrane
GO:0061617	4	MICOS complex
GO:0061689	4	tricellular tight junction
GO:0070022	4	transforming growth factor beta receptor homodimeric complex
GO:0070032	4	synaptobrevin 2-SNAP-25-syntaxin-1a-complexin I complex
GO:0070449	4	elongin complex
GO:0070695	4	FHF complex
GO:0070820	4	tertiary granule
GO:0070822	4	Sin3-type complex
GO:0071012	4	catalytic step 1 spliceosome
GO:0071598	4	neuronal ribonucleoprotein granule
GO:0071821	4	FANCM-MHF complex
GO:0071953	4	elastic fiber
GO:0072558	4	NLRP1 inflammasome complex
GO:0072589	4	box H/ACA scaRNP complex
GO:0089701	4	U2AF
GO:0090661	4	box H/ACA telomerase RNP complex
GO:0097209	4	epidermal lamellar body
GO:0097255	4	R2TP complex
GO:0097361	4	CIA complex
GO:0097422	4	tubular endosome
GO:0097443	4	sorting endosome
GO:0097452	4	GAIT complex
GO:1990075	4	periciliary membrane compartment
GO:1990111	4	spermatoproteasome complex
GO:1990130	4	Iml1 complex
GO:1990234	4	transferase complex
GO:1990246	4	uniplex complex
GO:1990316	4	ATG1/ULK1 kinase complex
GO:1990357	4	terminal web
GO:1990391	4	DNA repair complex
GO:1990393	4	3M complex
GO:1990604	4	IRE1-TRAF2-ASK1 complex
GO:1990635	4	proximal dendrite
GO:1990752	4	microtubule end
GO:1990851	4	Wnt-Frizzled-LRP5/6 complex
GO:0000110	3	nucleotide-excision repair factor 1 complex
GO:0000235	3	astral microtubule
GO:0000275	3	mitochondrial proton-transporting ATP synthase complex, catalytic core F(1)
GO:0000836	3	Hrd1p ubiquitin ligase complex
GO:0001651	3	dense fibrillar component
GO:0001652	3	granular component
GO:0002079	3	inner acrosomal membrane
GO:0002081	3	outer acrosomal membrane
GO:0002189	3	ribose phosphate diphosphokinase complex
GO:0002193	3	MAML1-RBP-Jkappa- ICN1 complex
GO:0005583	3	fibrillar collagen trimer
GO:0005588	3	collagen type V trimer
GO:0005589	3	collagen type VI trimer
GO:0005594	3	collagen type IX trimer
GO:0005606	3	laminin-1 complex
GO:0005610	3	laminin-5 complex
GO:0005726	3	perichromatin fibrils
GO:0005784	3	Sec61 translocon complex
GO:0005826	3	actomyosin contractile ring
GO:0005827	3	polar microtubule
GO:0005850	3	eukaryotic translation initiation factor 2 complex
GO:0005863	3	striated muscle myosin thick filament
GO:0005879	3	axonemal microtubule
GO:0005896	3	interleukin-6 receptor complex
GO:0005899	3	insulin receptor complex
GO:0005927	3	muscle tendon junction
GO:0005967	3	mitochondrial pyruvate dehydrogenase complex
GO:0005968	3	Rab-protein geranylgeranyltransferase complex
GO:0005971	3	ribonucleoside-diphosphate reductase complex
GO:0008275	3	gamma-tubulin small complex
GO:0008282	3	ATP-sensitive potassium channel complex
GO:0008537	3	proteasome activator complex
GO:0009279	3	cell outer membrane
GO:0009331	3	glycerol-3-phosphate dehydrogenase complex
GO:0016533	3	cyclin-dependent protein kinase 5 holoenzyme complex
GO:0016939	3	kinesin II complex
GO:0016942	3	insulin-like growth factor binding protein complex
GO:0017059	3	serine C-palmitoyltransferase complex
GO:0019008	3	molybdopterin synthase complex
GO:0019815	3	B cell receptor complex
GO:0019867	3	outer membrane
GO:0019908	3	nuclear cyclin-dependent protein kinase holoenzyme complex
GO:0020018	3	ciliary pocket membrane
GO:0030479	3	actin cortical patch
GO:0030485	3	smooth muscle contractile fiber
GO:0030895	3	apolipoprotein B mRNA editing enzyme complex
GO:0030905	3	retromer, tubulation complex
GO:0030906	3	retromer, cargo-selective complex
GO:0030956	3	glutamyl-tRNA(Gln) amidotransferase complex
GO:0031084	3	BLOC-2 complex
GO:0031094	3	platelet dense tubular network
GO:0031262	3	Ndc80 complex
GO:0031838	3	haptoglobin-hemoglobin complex
GO:0031981	3	nuclear lumen
GO:0032002	3	interleukin-28 receptor complex
GO:0032299	3	ribonuclease H2 complex
GO:0032444	3	activin responsive factor complex
GO:0032449	3	CBM complex
GO:0032937	3	SREBP-SCAP-Insig complex
GO:0032983	3	kainate selective glutamate receptor complex
GO:0033185	3	dolichol-phosphate-mannose synthase complex
GO:0033186	3	CAF-1 complex
GO:0033263	3	CORVET complex
GO:0033565	3	ESCRT-0 complex
GO:0033596	3	TSC1-TSC2 complex
GO:0034271	3	phosphatidylinositol 3-kinase complex, class III, type I
GO:0034272	3	phosphatidylinositol 3-kinase complex, class III, type II
GO:0034274	3	Atg12-Atg5-Atg16 complex
GO:0034455	3	t-UTP complex
GO:0034666	3	integrin alpha2-beta1 complex
GO:0034673	3	inhibin-betaglycan-ActRII complex
GO:0034678	3	integrin alpha8-beta1 complex
GO:0035061	3	interchromatin granule
GO:0035189	3	Rb-E2F complex
GO:0036195	3	muscle cell projection membrane
GO:0036396	3	MIS complex
GO:0036398	3	TCR signalosome
GO:0036457	3	keratohyalin granule
GO:0036477	3	somatodendritic compartment
GO:0042175	3	nuclear outer membrane-endoplasmic reticulum membrane network
GO:0042272	3	nuclear RNA export factor complex
GO:0042825	3	TAP complex
GO:0043159	3	acrosomal matrix
GO:0043227	3	membrane-bounded organelle
GO:0043259	3	laminin-10 complex
GO:0043260	3	laminin-11 complex
GO:0043625	3	delta DNA polymerase complex
GO:0044194	3	cytolytic granule
GO:0044214	3	spanning component of plasma membrane
GO:0044216	3	other organism cell
GO:0044304	3	main axon
GO:0044308	3	axonal spine
GO:0044393	3	microspike
GO:0044530	3	supraspliceosomal complex
GO:0045298	3	tubulin complex
GO:0045323	3	interleukin-1 receptor complex
GO:0048179	3	activin receptor complex
GO:0051286	3	cell tip
GO:0060171	3	stereocilium membrane
GO:0060201	3	clathrin-sculpted acetylcholine transport vesicle membrane
GO:0070033	3	synaptobrevin 2-SNAP-25-syntaxin-1a-complexin II complex
GO:0070044	3	synaptobrevin 2-SNAP-25-syntaxin-1a complex
GO:0070069	3	cytochrome complex
GO:0070110	3	ciliary neurotrophic factor receptor complex
GO:0070522	3	ERCC4-ERCC1 complex
GO:0070545	3	PeBoW complex
GO:0070603	3	SWI/SNF superfamily-type complex
GO:0070765	3	gamma-secretase complex
GO:0070876	3	SOSS complex
GO:0070939	3	Dsl1p complex
GO:0071008	3	U2-type post-mRNA release spliceosomal complex
GO:0071014	3	post-mRNA release spliceosomal complex
GO:0071062	3	alphav-beta3 integrin-vitronectin complex
GO:0071818	3	BAT3 complex
GO:0071942	3	XPC complex
GO:0090498	3	extrinsic component of Golgi membrane
GO:0097025	3	MPP7-DLG1-LIN7 complex
GO:0097058	3	CRLF-CLCF1 complex
GO:0097136	3	Bcl-2 family protein complex
GO:0097149	3	centralspindlin complex
GO:0097413	3	Lewy body
GO:0097427	3	microtubule bundle
GO:0097441	3	basilar dendrite
GO:0097451	3	glial limiting end-foot
GO:0097454	3	Schwann cell microvillus
GO:0097513	3	myosin II filament
GO:0097526	3	spliceosomal tri-snRNP complex
GO:1902495	3	transmembrane transporter complex
GO:1990423	3	RZZ complex
GO:1990452	3	Parkin-FBXW7-Cul1 ubiquitin ligase complex
GO:1990597	3	AIP1-IRE1 complex
GO:1990745	3	EARP complex
GO:1990761	3	growth cone lamellipodium
GO:1990812	3	growth cone filopodium
GO:0000120	2	RNA polymerase I transcription factor complex
GO:0000126	2	transcription factor TFIIIB complex
GO:0000152	2	nuclear ubiquitin ligase complex
GO:0000172	2	ribonuclease MRP complex
GO:0000308	2	cytoplasmic cyclin-dependent protein kinase holoenzyme complex
GO:0000333	2	telomerase catalytic core complex
GO:0000408	2	EKC/KEOPS complex
GO:0000444	2	MIS12/MIND type complex
GO:0000799	2	nuclear condensin complex
GO:0000803	2	sex chromosome
GO:0000805	2	X chromosome
GO:0000806	2	Y chromosome
GO:0000811	2	GINS complex
GO:0000814	2	ESCRT II complex
GO:0000939	2	condensed chromosome inner kinetochore
GO:0002133	2	polycystin complex
GO:0002141	2	stereocilia ankle link
GO:0002169	2	3-methylcrotonyl-CoA carboxylase complex, mitochondrial
GO:0002944	2	cyclin K-CDK12 complex
GO:0002945	2	cyclin K-CDK13 complex
GO:0005584	2	collagen type I trimer
GO:0005592	2	collagen type XI trimer
GO:0005602	2	complement component C1 complex
GO:0005607	2	laminin-2 complex
GO:0005608	2	laminin-3 complex
GO:0005656	2	nuclear pre-replicative complex
GO:0005668	2	RNA polymerase transcription factor SL1 complex
GO:0005674	2	transcription factor TFIIF complex
GO:0005760	2	gamma DNA polymerase complex
GO:0005873	2	plus-end kinesin complex
GO:0005889	2	hydrogen:potassium-exchanging ATPase complex
GO:0005900	2	oncostatin-M receptor complex
GO:0005924	2	cell-substrate adherens junction
GO:0005943	2	phosphatidylinositol 3-kinase complex, class IA
GO:0005944	2	phosphatidylinositol 3-kinase complex, class IB
GO:0005945	2	6-phosphofructokinase complex
GO:0005953	2	CAAX-protein geranylgeranyltransferase complex
GO:0005960	2	glycine cleavage complex
GO:0005965	2	protein farnesyltransferase complex
GO:0008043	2	intracellular ferritin complex
GO:0008280	2	cohesin core heterodimer
GO:0008623	2	CHRAC
GO:0009295	2	nucleoid
GO:0009328	2	phenylalanine-tRNA ligase complex
GO:0009330	2	DNA topoisomerase complex (ATP-hydrolyzing)
GO:0010370	2	perinucleolar chromocenter
GO:0014801	2	longitudinal sarcoplasmic reticulum
GO:0016035	2	zeta DNA polymerase complex
GO:0016222	2	procollagen-proline 4-dioxygenase complex
GO:0016935	2	glycine-gated chloride channel complex
GO:0017109	2	glutamate-cysteine ligase complex
GO:0018444	2	translation release factor complex
GO:0019185	2	snRNA-activating protein complex
GO:0030008	2	TRAPP complex
GO:0030112	2	glycocalyx
GO:0030289	2	protein phosphatase 4 complex
GO:0030427	2	site of polarized growth
GO:0030849	2	autosome
GO:0030892	2	mitotic cohesin complex
GO:0030981	2	cortical microtubule cytoskeleton
GO:0030990	2	intraciliary transport particle
GO:0031085	2	BLOC-3 complex
GO:0031205	2	endoplasmic reticulum Sec complex
GO:0031213	2	RSF complex
GO:0031251	2	PAN complex
GO:0031261	2	DNA replication preinitiation complex
GO:0031315	2	extrinsic component of mitochondrial outer membrane
GO:0031371	2	ubiquitin conjugating enzyme complex
GO:0031372	2	UBC13-MMS2 complex
GO:0031436	2	BRCA1-BARD1 complex
GO:0031501	2	mannosyltransferase complex
GO:0031510	2	SUMO activating enzyme complex
GO:0031523	2	Myb complex
GO:0031673	2	H zone
GO:0031933	2	telomeric heterochromatin
GO:0031983	2	vesicle lumen
GO:0032116	2	SMC loading complex
GO:0032301	2	MutSalpha complex
GO:0032302	2	MutSbeta complex
GO:0032311	2	angiogenin-PRI complex
GO:0032437	2	cuticular plate
GO:0032589	2	neuron projection membrane
GO:0032783	2	ELL-EAF complex
GO:0032798	2	Swi5-Sfr1 complex
GO:0032807	2	DNA ligase IV complex
GO:0032998	2	Fc-epsilon receptor I complex
GO:0033065	2	Rad51C-XRCC3 complex
GO:0033150	2	cytoskeletal calyx
GO:0033165	2	interphotoreceptor matrix
GO:0033257	2	Bcl3/NF-kappaB2 complex
GO:0034066	2	RIC1-RGP1 guanyl-nucleotide exchange factor complex
GO:0034365	2	discoidal high-density lipoprotein particle
GO:0034448	2	EGO complex
GO:0034457	2	Mpp10 complex
GO:0034515	2	proteasome storage granule
GO:0034665	2	integrin alpha1-beta1 complex
GO:0034667	2	integrin alpha3-beta1 complex
GO:0034669	2	integrin alpha4-beta7 complex
GO:0034679	2	integrin alpha9-beta1 complex
GO:0034680	2	integrin alpha10-beta1 complex
GO:0034681	2	integrin alpha11-beta1 complex
GO:0034683	2	integrin alphav-beta3 complex
GO:0034684	2	integrin alphav-beta5 complex
GO:0034686	2	integrin alphav-beta8 complex
GO:0034687	2	integrin alphaL-beta2 complex
GO:0034702	2	ion channel complex
GO:0034703	2	cation channel complex
GO:0034750	2	Scrib-APC-beta-catenin complex
GO:0034751	2	aryl hydrocarbon receptor complex
GO:0034753	2	nuclear aryl hydrocarbon receptor complex
GO:0035101	2	FACT complex
GO:0035339	2	SPOTS complex
GO:0035354	2	Toll-like receptor 1-Toll-like receptor 2 protein complex
GO:0035363	2	histone locus body
GO:0035370	2	UBC13-UEV1A complex
GO:0035517	2	PR-DUB complex
GO:0035578	2	azurophil granule lumen
GO:0035692	2	macrophage migration inhibitory factor receptor complex
GO:0035841	2	new growing cell tip
GO:0036117	2	hyaluranon cable
GO:0036156	2	inner dynein arm
GO:0036488	2	CHOP-C/EBP complex
GO:0036501	2	UFD1-NPL4 complex
GO:0036502	2	Derlin-1-VIMP complex
GO:0038037	2	G-protein coupled receptor dimeric complex
GO:0038039	2	G-protein coupled receptor heterodimeric complex
GO:0042565	2	RNA nuclear export complex
GO:0042583	2	chromaffin granule
GO:0042585	2	germinal vesicle
GO:0042720	2	mitochondrial inner membrane peptidase complex
GO:0042824	2	MHC class I peptide loading complex
GO:0043224	2	nuclear SCF ubiquitin ligase complex
GO:0043293	2	apoptosome
GO:0043512	2	inhibin A complex
GO:0043514	2	interleukin-12 complex
GO:0043541	2	UDP-N-acetylglucosamine transferase complex
GO:0043564	2	Ku70:Ku80 complex
GO:0044232	2	organelle membrane contact site
GO:0044292	2	dendrite terminus
GO:0044299	2	C-fiber
GO:0044307	2	dendritic branch
GO:0044316	2	cone cell pedicle
GO:0044609	2	DBIRD complex
GO:0044611	2	nuclear pore inner ring
GO:0044613	2	nuclear pore central transport channel
GO:0044732	2	mitotic spindle pole body
GO:0044753	2	amphisome
GO:0044754	2	autolysosome
GO:0045025	2	mitochondrial degradosome
GO:0045098	2	type III intermediate filament
GO:0045271	2	respiratory chain complex I
GO:0045273	2	respiratory chain complex II
GO:0046691	2	intracellular canaliculus
GO:0048237	2	rough endoplasmic reticulum lumen
GO:0048269	2	methionine adenosyltransferase complex
GO:0048788	2	cytoskeleton of presynaptic active zone
GO:0055087	2	Ski complex
GO:0060053	2	neurofilament cytoskeleton
GO:0060187	2	cell pole
GO:0060205	2	cytoplasmic membrane-bounded vesicle lumen
GO:0060342	2	photoreceptor inner segment membrane
GO:0061574	2	ASAP complex
GO:0070274	2	RES complex
GO:0070369	2	beta-catenin-TCF7L2 complex
GO:0070435	2	Shc-EGFR complex
GO:0070436	2	Grb2-EGFR complex
GO:0070554	2	synaptobrevin 2-SNAP-25-syntaxin-3-complexin complex
GO:0070557	2	PCNA-p21 complex
GO:0070652	2	HAUS complex
GO:0070724	2	BMP receptor complex
GO:0070743	2	interleukin-23 complex
GO:0070821	2	tertiary granule membrane
GO:0070877	2	microprocessor complex
GO:0071001	2	U4/U6 snRNP
GO:0071065	2	alpha9-beta1 integrin-vascular cell adhesion molecule-1 complex
GO:0071144	2	SMAD2-SMAD3 protein complex
GO:0071748	2	monomeric IgA immunoglobulin complex
GO:0071751	2	secretory IgA immunoglobulin complex
GO:0071752	2	secretory dimeric IgA immunoglobulin complex
GO:0071756	2	pentameric IgM immunoglobulin complex
GO:0071757	2	hexameric IgM immunoglobulin complex
GO:0071920	2	cleavage body
GO:0072534	2	perineuronal net
GO:0072536	2	interleukin-23 receptor complex
GO:0072563	2	endothelial microparticle
GO:0090534	2	calcium ion-transporting ATPase complex
GO:0090537	2	CERF complex
GO:0090571	2	RNA polymerase II transcription repressor complex
GO:0097057	2	TRAF2-GSTP1 complex
GO:0097059	2	CNTFR-CLCF1 complex
GO:0097165	2	nuclear stress granule
GO:0097227	2	sperm annulus
GO:0097233	2	alveolar lamellar body membrane
GO:0097362	2	MCM8-MCM9 complex
GO:0097447	2	dendritic tree
GO:0097450	2	astrocyte end-foot
GO:0097487	2	multivesicular body, internal vesicle
GO:0097524	2	sperm plasma membrane
GO:0097598	2	sperm cytoplasmic droplet
GO:0097629	2	extrinsic component of omegasome membrane
GO:0097632	2	extrinsic component of pre-autophagosomal structure membrane
GO:0097635	2	extrinsic component of autophagosome membrane
GO:0098554	2	cytoplasmic side of endoplasmic reticulum membrane
GO:0098559	2	cytoplasmic side of early endosome membrane
GO:0098574	2	cytoplasmic side of lysosomal membrane
GO:0098575	2	lumenal side of lysosomal membrane
GO:0098592	2	cytoplasmic side of apical plasma membrane
GO:0098797	2	plasma membrane protein complex
GO:0099503	2	secretory vesicle
GO:1902560	2	GMP reductase complex
GO:1902710	2	GABA receptor complex
GO:1902911	2	protein kinase complex
GO:1902937	2	inward rectifier potassium channel complex
GO:1903767	2	sweet taste receptor complex
GO:1904602	2	serotonin-activated cation-selective channel complex
GO:1990037	2	Lewy body core
GO:1990077	2	primosome complex
GO:1990131	2	Gtr1-Gtr2 GTPase complex
GO:1990589	2	ATF4-CREB1 transcription factor complex
GO:1990590	2	ATF1-ATF4 transcription factor complex
GO:1990617	2	CHOP-ATF4 complex
GO:1990622	2	CHOP-ATF3 complex
GO:1990630	2	IRE1-RACK1-PP2A complex
GO:1990666	2	PCSK9-LDLR complex
GO:1990667	2	PCSK9-AnxA2 complex
GO:1990682	2	CSF1-CSF1R complex
GO:1990696	2	USH2 complex
GO:1990716	2	axonemal central apparatus
GO:1990726	2	Lsm1-7-Pat1 complex
GO:1990730	2	VCP-NSFL1C complex
GO:1990879	2	CST complex
GO:1990907	2	beta-catenin-TCF complex
GO:1990923	2	PET complex
GO:0000111	1	nucleotide-excision repair factor 2 complex
GO:0000127	1	transcription factor TFIIIC complex
GO:0000153	1	cytoplasmic ubiquitin ligase complex
GO:0000262	1	mitochondrial chromosome
GO:0000274	1	mitochondrial proton-transporting ATP synthase, stator stalk
GO:0000323	1	lytic vacuole
GO:0000446	1	nucleoplasmic THO complex
GO:0000789	1	cytoplasmic chromatin
GO:0000797	1	condensin core heterodimer
GO:0000798	1	nuclear cohesin complex
GO:0000802	1	transverse filament
GO:0000835	1	ER ubiquitin ligase complex
GO:0000838	1	Hrd1p ubiquitin ligase ERAD-M complex
GO:0001401	1	mitochondrial sorting and assembly machinery complex
GO:0001405	1	presequence translocase-associated import motor
GO:0001534	1	radial spoke
GO:0001674	1	female germ cell nucleus
GO:0002142	1	stereocilia ankle link complex
GO:0002178	1	palmitoyltransferase complex
GO:0002947	1	tumor necrosis factor receptor superfamily complex
GO:0005582	1	collagen type XV trimer
GO:0005585	1	collagen type II trimer
GO:0005586	1	collagen type III trimer
GO:0005590	1	collagen type VII trimer
GO:0005591	1	collagen type VIII trimer
GO:0005595	1	collagen type XII trimer
GO:0005596	1	collagen type XIV trimer
GO:0005597	1	collagen type XVI trimer
GO:0005600	1	collagen type XIII trimer
GO:0005618	1	cell wall
GO:0005673	1	transcription factor TFIIE complex
GO:0005690	1	U4atac snRNP
GO:0005691	1	U6atac snRNP
GO:0005724	1	nuclear telomeric heterochromatin
GO:0005731	1	nucleolus organizer region
GO:0005754	1	mitochondrial proton-transporting ATP synthase, catalytic core
GO:0005757	1	mitochondrial permeability transition pore complex
GO:0005767	1	secondary lysosome
GO:0005818	1	aster
GO:0005846	1	nuclear cap binding complex
GO:0005854	1	nascent polypeptide-associated complex
GO:0005895	1	interleukin-5 receptor complex
GO:0005898	1	interleukin-13 receptor complex
GO:0005914	1	spot adherens junction
GO:0005954	1	calcium- and calmodulin-dependent protein kinase complex
GO:0005956	1	protein kinase CK2 complex
GO:0005969	1	serine-pyruvate aminotransferase complex
GO:0008352	1	katanin complex
GO:0009360	1	DNA polymerase III complex
GO:0009368	1	endopeptidase Clp complex
GO:0010009	1	cytoplasmic side of endosome membrane
GO:0012510	1	trans-Golgi network transport vesicle membrane
GO:0014705	1	C zone
GO:0014804	1	terminal cisterna lumen
GO:0016028	1	rhabdomere
GO:0016507	1	mitochondrial fatty acid beta-oxidation multienzyme complex
GO:0016590	1	ACF complex
GO:0016938	1	kinesin I complex
GO:0017090	1	meprin A complex
GO:0017177	1	glucosidase II complex
GO:0019028	1	viral capsid
GO:0019034	1	viral replication complex
GO:0019035	1	viral integration complex
GO:0020003	1	symbiont-containing vacuole
GO:0020005	1	symbiont-containing vacuole membrane
GO:0030120	1	vesicle coat
GO:0030128	1	clathrin coat of endocytic vesicle
GO:0030313	1	cell envelope
GO:0030526	1	granulocyte macrophage colony-stimulating factor receptor complex
GO:0030677	1	ribonuclease P complex
GO:0030684	1	preribosome
GO:0030690	1	Noc1p-Noc2p complex
GO:0030691	1	Noc2p-Noc3p complex
GO:0030692	1	Noc4p-Nop14p complex
GO:0030894	1	replisome
GO:0031010	1	ISWI-type complex
GO:0031021	1	interphase microtubule organizing center
GO:0031074	1	nucleocytoplasmic shuttling complex
GO:0031240	1	external side of cell outer membrane
GO:0031259	1	uropod membrane
GO:0031260	1	pseudopodium membrane
GO:0031302	1	intrinsic component of endosome membrane
GO:0031304	1	intrinsic component of mitochondrial inner membrane
GO:0031306	1	intrinsic component of mitochondrial outer membrane
GO:0031309	1	integral component of nuclear outer membrane
GO:0031379	1	RNA-directed RNA polymerase complex
GO:0031389	1	Rad17 RFC-like complex
GO:0031417	1	NatC complex
GO:0031477	1	myosin VII complex
GO:0031592	1	centrosomal corona
GO:0032044	1	DSIF complex
GO:0032127	1	dense core granule membrane
GO:0032144	1	4-aminobutyrate transaminase complex
GO:0032398	1	MHC class Ib protein complex
GO:0032419	1	extrinsic component of lysosome membrane
GO:0032473	1	cytoplasmic side of mitochondrial outer membrane
GO:0032838	1	cell projection cytoplasm
GO:0032994	1	protein-lipid complex
GO:0032996	1	Bcl3-Bcl10 complex
GO:0033011	1	perinuclear theca
GO:0033167	1	ARC complex
GO:0033176	1	proton-transporting V-type ATPase complex
GO:0033193	1	Lsd1/2 complex
GO:0033291	1	eukaryotic 80S initiation complex
GO:0033557	1	Slx1-Slx4 complex
GO:0033593	1	BRCA2-MAGE-D1 complex
GO:0033597	1	mitotic checkpoint complex
GO:0033768	1	SUMO-targeted ubiquitin ligase complex
GO:0034358	1	plasma lipoprotein particle
GO:0034359	1	mature chylomicron
GO:0034360	1	chylomicron remnant
GO:0034423	1	autophagosome lumen
GO:0034466	1	chromaffin granule lumen
GO:0034506	1	chromosome, centromeric core domain
GO:0034677	1	integrin alpha7-beta1 complex
GO:0034693	1	U11/U12 snRNP
GO:0034752	1	cytosolic aryl hydrocarbon receptor complex
GO:0035003	1	subapical complex
GO:0035355	1	Toll-like receptor 2-Toll-like receptor 6 protein complex
GO:0035579	1	specific granule membrane
GO:0035693	1	NOS2-CD74 complex
GO:0035805	1	egg coat
GO:0035838	1	growing cell tip
GO:0035976	1	AP1 complex
GO:0036019	1	endolysosome
GO:0036024	1	protein C inhibitor-TMPRSS7 complex
GO:0036025	1	protein C inhibitor-TMPRSS11E complex
GO:0036026	1	protein C inhibitor-PLAT complex
GO:0036027	1	protein C inhibitor-PLAU complex
GO:0036028	1	protein C inhibitor-thrombin complex
GO:0036029	1	protein C inhibitor-KLK3 complex
GO:0036030	1	protein C inhibitor-plasma kallikrein complex
GO:0036053	1	glomerular endothelium fenestra
GO:0038038	1	G-protein coupled receptor homodimeric complex
GO:0042022	1	interleukin-12 receptor complex
GO:0042564	1	NLS-dependent protein nuclear import complex
GO:0042643	1	actomyosin, actin portion
GO:0042719	1	mitochondrial intermembrane space protein transporter complex
GO:0042721	1	mitochondrial inner membrane protein insertion complex
GO:0042827	1	platelet dense granule
GO:0043033	1	isoamylase complex
GO:0043189	1	H4/H2A histone acetyltransferase complex
GO:0043256	1	laminin complex
GO:0043257	1	laminin-8 complex
GO:0043265	1	ectoplasm
GO:0043509	1	activin A complex
GO:0043513	1	inhibin B complex
GO:0043527	1	tRNA methyltransferase complex
GO:0043540	1	6-phosphofructo-2-kinase/fructose-2,6-biphosphatase complex
GO:0043614	1	multi-eIF complex
GO:0043626	1	PCNA complex
GO:0044207	1	translation initiation ternary complex
GO:0044220	1	host cell perinuclear region of cytoplasm
GO:0044228	1	host cell surface
GO:0044231	1	host cell presynaptic membrane
GO:0044301	1	climbing fiber
GO:0044302	1	dentate gyrus mossy fiber
GO:0044305	1	calyx of Held
GO:0044317	1	rod spherule
GO:0044599	1	AP-5 adaptor complex
GO:0045092	1	interleukin-18 receptor complex
GO:0045160	1	myosin I complex
GO:0045203	1	integral component of cell outer membrane
GO:0045239	1	tricarboxylic acid cycle enzyme complex
GO:0045272	1	plasma membrane respiratory chain complex I
GO:0045275	1	respiratory chain complex III
GO:0045281	1	succinate dehydrogenase complex
GO:0048787	1	presynaptic active zone membrane
GO:0052718	1	tRNA-specific adenosine-34 deaminase complex
GO:0055120	1	striated muscle dense body
GO:0060987	1	lipid tube
GO:0061474	1	phagolysosome membrane
GO:0061618	1	sublamina densa
GO:0061673	1	mitotic spindle astral microtubule
GO:0061742	1	chaperone-mediated autophagy translocation complex
GO:0065010	1	extracellular membrane-bounded organelle
GO:0070176	1	DRM complex
GO:0070195	1	growth hormone receptor complex
GO:0070381	1	endosome to plasma membrane transport vesicle
GO:0070418	1	DNA-dependent protein kinase complex
GO:0070421	1	DNA ligase III-XRCC1 complex
GO:0070442	1	integrin alphaIIb-beta3 complex
GO:0070618	1	Grb2-Sos complex
GO:0070685	1	macropinocytic cup
GO:0070701	1	mucus layer
GO:0070702	1	inner mucus layer
GO:0070703	1	outer mucus layer
GO:0070722	1	Tle3-Aes complex
GO:0070762	1	nuclear pore transmembrane ring
GO:0070772	1	PAS complex
GO:0070826	1	paraferritin complex
GO:0070860	1	RNA polymerase I core factor complex
GO:0070931	1	Golgi-associated vesicle lumen
GO:0070985	1	TFIIK complex
GO:0071002	1	U4atac/U6atac snRNP
GO:0071006	1	U2-type catalytic step 1 spliceosome
GO:0071021	1	U2-type post-spliceosomal complex
GO:0071133	1	alpha9-beta1 integrin-ADAM8 complex
GO:0071146	1	SMAD3-SMAD4 protein complex
GO:0071159	1	NF-kappaB complex
GO:0071561	1	nucleus-vacuole junction
GO:0071575	1	integral component of external side of plasma membrane
GO:0071664	1	catenin-TCF7L2 complex
GO:0071665	1	gamma-catenin-TCF7L2 complex
GO:0071750	1	dimeric IgA immunoglobulin complex
GO:0071914	1	prominosome
GO:0072487	1	MSL complex
GO:0072492	1	host cell mitochondrial intermembrane space
GO:0072517	1	host cell viral assembly compartment
GO:0090533	1	cation-transporting ATPase complex
GO:0090636	1	outer dense plaque of desmosome
GO:0090637	1	inner dense plaque of desmosome
GO:0090651	1	apical cytoplasm
GO:0097013	1	phagocytic vesicle lumen
GO:0097140	1	BIM-BCL-xl complex
GO:0097141	1	BIM-BCL-2 complex
GO:0097144	1	BAX complex
GO:0097181	1	protein C inhibitor-coagulation factor V complex
GO:0097182	1	protein C inhibitor-coagulation factor Xa complex
GO:0097183	1	protein C inhibitor-coagulation factor XI complex
GO:0097196	1	Shu complex
GO:0097226	1	sperm mitochondrial sheath
GO:0097229	1	sperm end piece
GO:0097232	1	lamellar body membrane
GO:0097442	1	CA3 pyramidal cell dendrite
GO:0097453	1	mesaxon
GO:0097456	1	terminal loop
GO:0097489	1	multivesicular body, internal vesicle lumen
GO:0097505	1	Rad6-Rad18 complex
GO:0097525	1	spliceosomal snRNP complex
GO:0097541	1	axonemal basal plate
GO:0097543	1	ciliary inversin compartment
GO:0098547	1	lumenal side of Golgi membrane
GO:0098556	1	cytoplasmic side of rough endoplasmic reticulum membrane
GO:0098594	1	mucin granule
GO:0098595	1	perivitelline space
GO:0098857	1	membrane microdomain
GO:0099617	1	matrix side of mitochondrial inner membrane
GO:1901588	1	dendritic microtubule
GO:1902554	1	serine/threonine protein kinase complex
GO:1902636	1	kinociliary basal body
GO:1902737	1	dendritic filopodium
GO:1903754	1	cortical microtubule plus-end
GO:1905103	1	integral component of lysosomal membrane
GO:1990005	1	granular vesicle
GO:1990008	1	neurosecretory vesicle
GO:1990030	1	pericellular basket
GO:1990031	1	pinceau fiber
GO:1990032	1	parallel fiber
GO:1990071	1	TRAPPII protein complex
GO:1990298	1	bub1-bub3 complex
GO:1990332	1	Ire1 complex
GO:1990356	1	sumoylated E2 ligase complex
GO:1990425	1	ryanodine receptor complex
GO:1990429	1	peroxisomal importomer complex
GO:1990435	1	upper tip-link density
GO:1990462	1	omegasome
GO:1990512	1	Cry-Per complex
GO:1990565	1	HSP90-CDC37 chaperone complex
GO:1990572	1	TERT-RMRP complex
GO:1990578	1	perinuclear endoplasmic reticulum membrane
GO:1990707	1	nuclear subtelomeric heterochromatin
GO:1990718	1	axonemal central pair projection
GO:1990723	1	cytoplasmic periphery of the nuclear pore complex
GO:1990769	1	proximal neuron projection
GO:1990794	1	basolateral part of cell
GO:1990795	1	rod bipolar cell terminal bouton
GO:1990796	1	photoreceptor cell terminal bouton
GO:1990843	1	subsarcolemmal mitochondrion
GO:1990844	1	interfibrillar mitochondrion
GO:1990904	1	ribonucleoprotein complex
